Workbook

Sheet аннотация

Sheet stations
A1: date | B1: station | C1: coord_lat | D1: coord_lon | E1: sample | F1: sample_id | G1: sample_area | H1: mesh_size | I1: salinity | J1: fucoids_m | K1: field_note
A2: 45841 | B2: 34 | C2: 64.34636 | D2: 37.30762 | E2: 3 | F2: ОН34_3 | I2: 25 | J2: 264.3 | K2: рядом с каменистой грядой с фукоидами, грунт сходный с ОН32, указан вес фукоидов
A3: 45841 | B3: 34 | C3: 64.34636 | D3: 37.30762 | E3: 2 | F3: ОН34_2 | I3: 25 | J3: 67 | K3: рядом с каменистой грядой с фукоидами, грунт сходный с ОН32, указан вес фукоидов
A4: 45841 | B4: 34 | C4: 64.34636 | D4: 37.30762
A5: 45841 | B5: 32 | C5: 64.34579 | D5: 37.31017 | I5: 32 | K5: лагуна, ограниченная каменистой грядой с фукоидами, Entreomorpha, Crangon
A6: 45840 | B6: 31 | C6: 64.34278 | D6: 37.32664 | I6: 24.5 | K6: в пределах рамки 31_3 - пескожил.

Sheet NB
A1: station | B1: sample | C1: station_name | D1: size_code | E1: taxon_name | F1: species_code | G1: density | H1: biomass | I1: added_by_user | J1: notes
A2: 8 | B2: 3 | C2: ОН8_3 | D2: NA | E2: Macoma balthica | F2: =VLOOKUP(E2,species_list!A$2:B$1194,2,FALSE) -> 435 | H2: 11.456 | I2: Аристов | J2: Alexeeva_onega25.pdf(11), Poloskin-2_01.jpg, (0.5)
A3: 8 | B3: 3 | C3: ОН8_3 | D3: NA | E3: Alita virens | F3: =VLOOKUP(E3,species_list!A$2:B$1194,2,FALSE) -> 789 | G3: 2 | H3: 0.025 | I3: Аристов | J3: Alexeeva_onega25.pdf(11), Poloskin-2_01.jpg, (0.5)
A4: 8 | B4: 3 | C4: ОН8_3 | D4: NA | E4: Tubifex costatus | F4: =VLOOKUP(E4,species_list!A$2:B$1194,2,FALSE) -> 828 | G4: 3 | H4: 0.005 | I4: Аристов | J4: Alexeeva_onega25.pdf(11), Poloskin-2_01.jpg, (0.5)
A5: 8 | B5: 3 | C5: ОН8_3 | D5: NA | E5: Hydrobia ventrosa | F5: =VLOOKUP(E5,species_list!A$2:B$1194,2,FALSE) -> 376 | G5: 72 | H5: 0.372 | I5: Аристов | J5: Alexeeva_onega25.pdf(11), Poloskin-2_01.jpg, (0.5), рассчетные значения, суммарно 339x3,462
A6: 8 | B6: 3 | C6: ОН8_3 | D6: NA | E6: Hydrobia ulvae | F6: =VLOOKUP(E6,species_list!A$2:B$1194,2,FALSE) -> 375 | G6: 407 | H6: 3.438 | I6: Аристов | J6: Alexeeva_onega25.pdf(11), Poloskin-2_01.jpg, (0.5), рассчетные значения, суммарно 339x3,463
A7: 8 | B7: 3 | C7: ОН8_3 | D7: NA | E7: Hydrobia sp. | F7: =VLOOKUP(E7,species_list!A$2:B$1194,2,FALSE) -> #N/A | G7: 51 | H7: 0.027 | I7: Манылова | J7: Alexeeva_onega25.pdf(11), Poloskin-2_01.jpg, (0.5)
A8: 8 | B8: 3 | C8: ОН8_3 | D8: NA | E8: Nereis sp. | F8: =VLOOKUP(E8,species_list!A$2:B$1194,2,FALSE) -> 788 | G8: 1 | H8: 0.001 | I8: Манылова | J8: Alexeeva_onega25.pdf(11), Poloskin-2_01.jpg, (0.5)
A9: 8 | B9: 3 | C9: ОН8_3 | D9: NA | E9: Nephthys minuta | F9: =VLOOKUP(E9,species_list!A$2:B$1194,2,FALSE) -> 784 | G9: 1 | H9: 0.001 | I9: Манылова | J9: Alexeeva_onega25.pdf(11), Poloskin-2_01.jpg, (0.5)
A10: 8 | B10: 2 | C10: ОН8_2 | D10: NA | E10: Macoma balthica | F10: =VLOOKUP(E10,species_list!A$2:B$1194,2,FALSE) -> 435 | G10: 24 | H10: 6.895 | I10: Аристов | J10: Alexeeva_onega25.pdf(12), Poloskin-2_01.jpg, (0.5)
A11: 8 | B11: 2 | C11: ОН8_2 | D11: NA | E11: Mya arenaria | F11: =VLOOKUP(E11,species_list!A$2:B$1194,2,FALSE) -> 440 | G11: 3 | H11: 1.199 | I11: Аристов | J11: Alexeeva_onega25.pdf(12), Poloskin-2_01.jpg, (0.5)
A12: 8 | B12: 2 | C12: ОН8_2 | D12: NA | E12: Hydrobia ulvae | F12: =VLOOKUP(E12,species_list!A$2:B$1194,2,FALSE) -> 375 | G12: 549 | H12: 1.266 | I12: Аристов | J12: Alexeeva_onega25.pdf(12), рассчетные значения, суммарно 470x1,087
A13: 8 | B13: 2 | C13: ОН8_2 | D13: NA | E13: Hydrobia ventrosa | F13: =VLOOKUP(E13,species_list!A$2:B$1194,2,FALSE) -> 376 | G13: 40 | H13: 0.065 | I13: Аристов | J13: Alexeeva_onega25.pdf(12), рассчетные значения, суммарно 470x1,087
A14: 8 | B14: 2 | C14: ОН8_2 | D14: NA | E14: Tubifex costatus | F14: =VLOOKUP(E14,species_list!A$2:B$1194,2,FALSE) -> 828 | G14: 2 | H14: 0.003 | I14: Манылова | J14: Alexeeva_onega25.pdf(12), Poloskin-2_01.jpg, (0.5)
... A52: 16 | B52: 1 | C52: ОН16_1 | D52: NA | E52: Fabricia sabella | F52: =VLOOKUP(E52,species_list!A$2:B$1194,2,FALSE) -> 797 | G52: 1 | H52: 0.001 | I52: Манылова | J52: av-dop
A53: 16 | B53: 1 | C53: ОН16_1 | D53: NA | E53: Macoma balthica | F53: =VLOOKUP(E53,[1]species_list!A$2:B$1194,2,FALSE) -> 435 | G53: 59 | H53: 13.603 | I53: Манылова | J53: av-dop.pdf
A54: 17 | B54: 3 | C54: ОН17_3 | D54: NA | E54: Macoma balthica | F54: =VLOOKUP(E54,species_list!A$2:B$1194,2,FALSE) -> 435 | G54: 5 | H54: 0.614 | I54: Аристов | J54: Alexeeva_onega25.pdf(7-8), фауна с сита 0.5 просуммирована
A55: 17 | B55: 3 | C55: ОН17_3 | D55: NA | E55: Nephthys minuta | F55: =VLOOKUP(E55,species_list!A$2:B$1194,2,FALSE) -> 784 | G55: 1 | H55: 0.002 | I55: Аристов | J55: Alexeeva_onega25.pdf(7-8), фауна с сита 0.5 просуммирована
A56: 17 | B56: 3 | C56: ОН17_3 | D56: NA | E56: Eteone longa | F56: =VLOOKUP(E56,species_list!A$2:B$1194,2,FALSE) -> 709 | G56: 1 | H56: 0.001 | I56: Аристов | J56: Alexeeva_onega25.pdf(7-8), фауна с сита 0.5 просуммирована
A57: 17 | B57: 3 | C57: ОН17_3 | D57: NA | E57: Paranais litoralis | F57: =VLOOKUP(E57,species_list!A$2:B$1194,2,FALSE) -> 833 | G57: 5 | H57: 0.003 | I57: Аристов | J57: Alexeeva_onega25.pdf(7-8), фауна с сита 0.5 просуммирована
A58: 17 | B58: 3 | C58: ОН17_3 | D58: NA | E58: Tubifex costatus | F58: =VLOOKUP(E58,species_list!A$2:B$1194,2,FALSE) -> 828 | G58: 3 | H58: 0.002 | I58: Аристов | J58: Alexeeva_onega25.pdf(7-8), фауна с сита 0.5 просуммирована
A59: 17 | B59: 3 | C59: ОН17_3 | D59: NA | E59: Pygospio elegans | F59: =VLOOKUP(E59,species_list!A$2:B$1194,2,FALSE) -> 740 | G59: 2 | H59: 0.002 | I59: Аристов | J59: Alexeeva_onega25.pdf(7-8), фауна с сита 0.5 просуммирована
A60: 17 | B60: 3 | C60: ОН17_3 | D60: NA | E60: Hydrobia ventrosa | F60: =VLOOKUP(E60,species_list!A$2:B$1194,2,FALSE) -> 376 | G60: 28 | H60: 0.086 | I60: Аристов | J60: Alexeeva_onega25.pdf(7-8), фауна с сита 0.5 просуммирована, рассчетные значения, суммарно 720x2,051
A61: 17 | B61: 3 | C61: ОН17_3 | D61: NA | E61: Hydrobia ulvae | F61: =VLOOKUP(E61,species_list!A$2:B$1194,2,FALSE) -> 375 | G61: 693 | H61: 1.966 | I61: Аристов | J61: Alexeeva_onega25.pdf(7-8), фауна с сита 0.5 просуммирована, рассчетные значения, суммарно 720x2,051
A62: 17 | B62: 3 | C62: ОН17_3 | D62: NA | E62: Polychaeta | F62: =VLOOKUP(E62,species_list!A$2:B$1194,2,FALSE) -> 819 | G62: NA | H62: 0.001 | I62: Аристов | J62: Alexeeva_onega25.pdf(7-8), фауна с сита 0.5 просуммирована
A63: 17 | B63: 2 | C63: ОН17_2 | D63: NA | E63: Macoma balthica | F63: =VLOOKUP(E63,species_list!A$2:B$1194,2,FALSE) -> 435 | G63: 9 | H63: 2.847 | I63: Аристов | J63: Alexeeva_onega25.pdf(12), PoloskinA-1_01.jpg, фауна с сита 0.5 просуммирована
A64: 17 | B64: 2 | C64: ОН17_2 | D64: NA | E64: Pygospio elegans | F64: =VLOOKUP(E64,species_list!A$2:B$1194,2,FALSE) -> 740 | G64: 1 | H64: 0.002 | I64: Аристов | J64: Alexeeva_onega25.pdf(12), PoloskinA-1_01.jpg, фауна с сита 0.5 просуммирована
A65: 17 | B65: 2 | C65: ОН17_2 | D65: NA | E65: Paranais litoralis | F65: =VLOOKUP(E65,species_list!A$2:B$1194,2,FALSE) -> 833 | G65: 4 | H65: 0.004 | I65: Аристов | J65: Alexeeva_onega25.pdf(12), PoloskinA-1_01.jpg, фауна с сита 0.5 просуммирована
A66: 17 | B66: 2 | C66: ОН17_2 | D66: NA | E66: Tubifex costatus | F66: =VLOOKUP(E66,species_list!A$2:B$1194,2,FALSE) -> 828 | G66: 10 | H66: 0.014 | I66: Аристов | J66: Alexeeva_onega25.pdf(12), PoloskinA-1_01.jpg, фауна с сита 0.5 просуммирована
A67: 17 | B67: 2 | C67: ОН17_2 | D67: NA | E67: Hydrobia ulvae | F67: =VLOOKUP(E67,species_list!A$2:B$1194,2,FALSE) -> 375 | G67: 797 | H67: 2.34 | I67: Аристов | J67: Alexeeva_onega25.pdf(12-13), PoloskinA-1_01.jpg, фауна с сита 0.5 просуммирована, рассчетные значения, суммарно 713x2,025
A68: 17 | B68: 2 | C68: ОН17_2 | D68: NA | E68: Hydrobia ventrosa | F68: =VLOOKUP(E68,species_list!A$2:B$1194,2,FALSE) -> 376 | G68: 60 | H68: 0.146 | I68: Аристов | J68: Alexeeva_onega25.pdf(12-13), PoloskinA-1_01.jpg, фауна с сита 0.5 просуммирована, рассчетные значения, суммарно 713x2,025
A69: 17 | B69: 2 | C69: ОН17_2 | D69: NA | E69: Tubificoides benedeni | F69: =VLOOKUP(E69,species_list!A$2:B$1194,2,FALSE) -> 829 | G69: 6 | H69: 0.004 | I69: Аристов | J69: Alexeeva_onega25.pdf(12), PoloskinA-1_01.jpg, фауна с сита 0.5 просуммирована
A70: 18 | B70: 3 | C70: ОН18_3 | D70: NA | E70: Macoma balthica | F70: =VLOOKUP(E70,species_list!A$2:B$1194,2,FALSE) -> 435 | G70: 10 | H70: 1.53 | I70: Аристов | J70: Alexeeva_onega25.pdf(9-10), Poloskin-2_02.jpg, (0.5)
A71: 18 | B71: 3 | C71: ОН18_3 | D71: NA | E71: Arenicola marina | F71: =VLOOKUP(E71,species_list!A$2:B$1194,2,FALSE) -> 615 | G71: 1 | H71: 0.016 | I71: Аристов | J71: Alexeeva_onega25.pdf(9-10), Poloskin-2_02.jpg, (0.5)
A72: 18 | B72: 3 | C72: ОН18_3 | D72: NA | E72: Eteone longa | F72: =VLOOKUP(E72,species_list!A$2:B$1194,2,FALSE) -> 709 | G72: 4 | H72: 0.018 | I72: Аристов | J72: Alexeeva_onega25.pdf(9-10), Poloskin-2_02.jpg, (0.5)
A73: 18 | B73: 3 | C73: ОН18_3 | D73: NA | E73: Nephthys minuta | F73: =VLOOKUP(E73,species_list!A$2:B$1194,2,FALSE) -> 784 | G73: 1 | H73: 0.002 | I73: Аристов | J73: Alexeeva_onega25.pdf(9-10), Poloskin-2_02.jpg, (0.5)
A74: 18 | B74: 3 | C74: ОН18_3 | D74: NA | E74: Paranais litoralis | F74: =VLOOKUP(E74,species_list!A$2:B$1194,2,FALSE) -> 833 | G74: 5 | H74: 0.003 | I74: Аристов | J74: Alexeeva_onega25.pdf(9-10), Poloskin-2_02.jpg, (0.5)
... A85: 18 | B85: 2 | C85: ОН18_2 | D85: NA | E85: Eteone longa | F85: =VLOOKUP(E85,species_list!A$2:B$1194,2,FALSE) -> 709 | G85: 1 | H85: 0.002 | I85: Манылова | J85: Alexeeva_onega25.pdf(10-11), Poloskin-2_02.jpg, (0.5)
A86: 18 | B86: 2 | C86: ОН18_2 | D86: NA | E86: Hydrobia sp. | F86: =VLOOKUP(E86,species_list!A$2:B$1194,2,FALSE) -> #N/A | G86: 11 | H86: 0.005 | I86: Манылова | J86: Alexeeva_onega25.pdf(10-11), Poloskin-2_02.jpg, (0.5) | K86: сито 0.5
A87: 19 | B87: 1 | C87: ОН19_1 | D87: NA | E87: Nereis sp. | F87: =VLOOKUP(E87,species_list!A$2:B$1194,2,FALSE) -> 788 | G87: 1 | H87: 0.002 | I87: Манылова | J87: av-dop.pdf(17) | K87: сито 0.5
A88: 19 | B88: 1 | C88: ОН19_1 | D88: NA | E88: Tubifex costatus | F88: =VLOOKUP(E88,species_list!A$2:B$1194,2,FALSE) -> 828 | G88: 88 | H88: 0.027 | I88: Манылова | J88: av-dop.pdf(17) | K88: сито 0.5
A89: 19 | B89: 1 | C89: ОН19_1 | D89: NA | E89: Clitellio arenarius | F89: =VLOOKUP(E89,species_list!A$2:B$1194,2,FALSE) -> 826 | G89: 28 | H89: 0.005 | I89: Манылова | J89: av-dop.pdf(17) | K89: сито 0.5
A90: 19 | B90: 1 | C90: ОН19_1 | D90: NA | E90: Mya arenaria | F90: =VLOOKUP(E90,species_list!A$2:B$1194,2,FALSE) -> 440 | G90: 4 | H90: 1.38 | I90: Манылова | J90: av-dop.pdf(17) | K90: сито 0.5
A91: 19 | B91: 1 | C91: ОН19_1 | D91: NA | E91: Hydrobia sp. | F91: =VLOOKUP(E91,species_list!A$2:B$1194,2,FALSE) -> #N/A | G91: 6 | H91: NA | I91: Манылова | J91: av-dop.pdf(17) | K91: сито 0.5
A92: 19 | B92: 1 | C92: ОН19_1 | D92: NA | E92: Macoma balthica | F92: =VLOOKUP(E92,species_list!A$2:B$1194,2,FALSE) -> 435 | G92: 88 | H92: 34.714 | I92: Манылова | J92: av-dop.pdf(17) | K92: сито 0.5
A93: 19 | B93: 1 | C93: ОН19_1 | D93: NA | E93: Pygospio elegans | F93: =VLOOKUP(E93,species_list!A$2:B$1194,2,FALSE) -> 740 | G93: 3 | H93: 0.003 | I93: Манылова | J93: av-dop | K93: сито 0.5
A94: 19 | B94: 1 | C94: ОН19_1 | D94: NA | E94: Paranais litoralis | F94: =VLOOKUP(E94,species_list!A$2:B$1194,2,FALSE) -> 833 | G94: 6 | H94: 0.003 | I94: Манылова | J94: av-dop | K94: сито 0.5
A95: 19 | B95: 1 | C95: ОН19_1 | D95: NA | E95: Nephthys minuta | F95: =VLOOKUP(E95,species_list!A$2:B$1194,2,FALSE) -> 784 | G95: 2 | H95: 0.005 | I95: Манылова | J95: av-dop | K95: сито 0.5
A96: 19 | B96: 1 | C96: ОН19_1 | D96: NA | E96: Eteone longa | F96: =VLOOKUP(E96,species_list!A$2:B$1194,2,FALSE) -> 709 | G96: 1 | H96: 0.001 | I96: Манылова | J96: av-dop | K96: сито 0.5
A97: 19 | B97: 1 | C97: ОН19_1 | D97: NA | E97: Capitella capitata | F97: =VLOOKUP(E97,species_list!A$2:B$1194,2,FALSE) -> 642 | G97: 1 | H97: 0.001 | I97: Манылова | J97: av-dop | K97: сито 0.5
A98: 19 | B98: 1 | C98: ОН19_1 | D98: NA | E98: Microspio | F98: =VLOOKUP(E98,species_list!A$2:B$1194,2,FALSE) -> #N/A | G98: 1 | H98: 0.001 | I98: Манылова | J98: av-dop | K98: сито 0.5
A99: 19 | B99: 3 | C99: ОН19_3 | D99: NA | E99: Macoma balthica | F99: =VLOOKUP(E99,species_list!A$2:B$1194,2,FALSE) -> 435 | G99: 15 | H99: 5.246 | I99: Манылова | J99: av-dop
A100: 19 | B100: 3 | C100: ОН19_3 | D100: NA | E100: Mya arenaria | F100: =VLOOKUP(E100,species_list!A$2:B$1194,2,FALSE) -> 440 | G100: 2 | H100: 0.69 | I100: Аристов | J100: Alexeeva_onega25.pdf(8), Poloskin-2_07.jpg, (0.5)
A101: 19 | B101: 3 | C101: ОН19_3 | D101: NA | E101: Alita virens | F101: =VLOOKUP(E101,species_list!A$2:B$1194,2,FALSE) -> 789 | G101: 1 | H101: 0.034 | I101: Аристов | J101: Alexeeva_onega25.pdf(8), Poloskin-2_07.jpg, (0.5)
A102: 19 | B102: 3 | C102: ОН19_3 | D102: NA | E102: Paranais litoralis | F102: =VLOOKUP(E102,species_list!A$2:B$1194,2,FALSE) -> 833 | G102: 6 | H102: 0.003 | I102: Аристов | J102: Alexeeva_onega25.pdf(8), Poloskin-2_07.jpg, (0.5)
A103: 19 | B103: 3 | C103: ОН19_3 | D103: NA | E103: Tubifex costatus | F103: =VLOOKUP(E103,species_list!A$2:B$1194,2,FALSE) -> 828 | G103: 21 | H103: 0.01 | I103: Аристов | J103: Alexeeva_onega25.pdf(8), Poloskin-2_07.jpg, (0.5)
A104: 19 | B104: 3 | C104: ОН19_3 | D104: NA | E104: Hydrobia ventrosa | F104: =VLOOKUP(E104,species_list!A$2:B$1194,2,FALSE) -> 376 | G104: 69 | H104: 0.124 | I104: Аристов | J104: Alexeeva_onega25.pdf(8), Poloskin-2_07.jpg, (0.5), рассчетные значения, суммарно 805x2,303
A105: 19 | B105: 3 | C105: ОН19_3 | D105: NA | E105: Hydrobia ulvae | F105: =VLOOKUP(E105,species_list!A$2:B$1194,2,FALSE) -> 375 | G105: 905 | H105: 2.676 | I105: Аристов | J105: Alexeeva_onega25.pdf(8), Poloskin-2_07.jpg, (0.5), рассчетные значения, суммарно 805x2,303
A106: 19 | B106: 3 | C106: ОН19_3 | D106: NA | E106: Nereis sp. | F106: =VLOOKUP(E106,species_list!A$2:B$1194,2,FALSE) -> 788 | G106: NA | H106: NA | I106: Манылова | J106: Alexeeva_onega25.pdf(8), Poloskin-2_07.jpg, (0.5)
A107: 19 | B107: 3 | C107: ОН19_3 | D107: NA | E107: Fabricia sabella | F107: =VLOOKUP(E107,species_list!A$2:B$1194,2,FALSE) -> 797 | G107: 2 | H107: 0.001 | I107: Манылова | J107: Alexeeva_onega25.pdf(8), Poloskin-2_07.jpg, (0.5)
A108: 19 | B108: 3 | C108: ОН19_3 | D108: NA | E108: Eteone longa | F108: =VLOOKUP(E108,species_list!A$2:B$1194,2,FALSE) -> 709 | G108: 2 | H108: 0.003 | I108: Манылова | J108: Alexeeva_onega25.pdf(8), Poloskin-2_07.jpg, (0.5)
A109: 19 | B109: 3 | C109: ОН19_3 | D109: NA | E109: Pygospio elegans | F109: =VLOOKUP(E109,species_list!A$2:B$1194,2,FALSE) -> 740 | G109: 1 | H109: 0.001 | I109: Манылова | J109: Alexeeva_onega25.pdf(8), Poloskin-2_07.jpg, (0.5)
A110: 19 | B110: 3 | C110: ОН19_3 | D110: NA | E110: Hydrobia sp. | F110: =VLOOKUP(E110,species_list!A$2:B$1194,2,FALSE) -> #N/A | G110: 7 | H110: 0.008 | I110: Манылова | J110: Alexeeva_onega25.pdf(8), Poloskin-2_07.jpg, (0.5)
A111: 19 | B111: 2 | C111: ОН19_2 | D111: NA | E111: Macoma balthica | F111: =VLOOKUP(E111,species_list!A$2:B$1194,2,FALSE) -> 435 | G111: 16 | H111: 6.752 | I111: Аристов | J111: Alexeeva_onega25.pdf(9), Poloskin-2_06.jpg, (0.5)
A112: 19 | B112: 2 | C112: ОН19_2 | D112: NA | E112: Eteone longa | F112: =VLOOKUP(E112,species_list!A$2:B$1194,2,FALSE) -> 709 | G112: 2 | H112: 0.003 | I112: Аристов | J112: Alexeeva_onega25.pdf(9), Poloskin-2_06.jpg, (0.5)
A113: 19 | B113: 2 | C113: ОН19_2 | D113: NA | E113: Alita virens | F113: =VLOOKUP(E113,species_list!A$2:B$1194,2,FALSE) -> 789 | G113: 1 | H113: 0.047 | I113: Аристов | J113: Alexeeva_onega25.pdf(9), Poloskin-2_06.jpg, (0.5)
A114: 19 | B114: 2 | C114: ОН19_2 | D114: NA | E114: Tubifex costatus | F114: =VLOOKUP(E114,species_list!A$2:B$1194,2,FALSE) -> 828 | G114: 47 | H114: 0.016 | I114: Аристов | J114: Alexeeva_onega25.pdf(9), Poloskin-2_06.jpg, (0.5)
A115: 19 | B115: 2 | C115: ОН19_2 | D115: NA | E115: Pygospio elegans | F115: =VLOOKUP(E115,species_list!A$2:B$1194,2,FALSE) -> 740 | G115: 3 | H115: 0.003 | I115: Аристов | J115: Alexeeva_onega25.pdf(9), Poloskin-2_06.jpg, (0.5)
A116: 19 | B116: 2 | C116: ОН19_2 | D116: NA | E116: Hydrobia ventrosa | F116: =VLOOKUP(E116,species_list!A$2:B$1194,2,FALSE) -> 376 | G116: 43 | H116: 0.1 | I116: Аристов | J116: Alexeeva_onega25.pdf(9), Poloskin-2_06.jpg, (0.5), рассчетные значения, суммарно 515x1,266
A117: 19 | B117: 2 | C117: ОН19_2 | D117: NA | E117: Hydrobia ulvae | F117: =VLOOKUP(E117,species_list!A$2:B$1194,2,FALSE) -> 375 | G117: 591 | H117: 1.444 | I117: Аристов | J117: Alexeeva_onega25.pdf(9), Poloskin-2_06.jpg, (0.5), рассчетные значения, суммарно 515x1,266
A118: 19 | B118: 2 | C118: ОН19_2 | D118: NA | E118: Hydrobia sp. | F118: =VLOOKUP(E118,species_list!A$2:B$1194,2,FALSE) -> #N/A | G118: 11 | H118: 0.01 | I118: Манылова | J118: Alexeeva_onega25.pdf(9), Poloskin-2_06.jpg, (0.5)
... A120: 32 | B120: 3 | C120: ОН32_3 | D120: NA | E120: Macoma balthica | F120: =VLOOKUP(E120,species_list!A$2:B$1194,2,FALSE) -> 435 | G120: 7 | H120: 1.805 | I120: Аристов | J120: Alexeeva_onega25.pdf(3-4)
A121: 32 | B121: 3 | C121: ОН32_3 | D121: NA | E121: Fucus vesiculosus | F121: =VLOOKUP(E121,species_list!A$2:B$1194,2,FALSE) -> 993 | G121: NA | H121: 0.194 | I121: Аристов | J121: Alexeeva_onega25.pdf(3-4)
A122: 32 | B122: 3 | C122: ОН32_3 | D122: NA | E122: Enteromorpha prolifera | F122: =VLOOKUP(E122,species_list!A$2:B$1194,2,FALSE) -> 1000 | G122: NA | H122: 1.69 | I122: Аристов | J122: Alexeeva_onega25.pdf(3-4)
A123: 32 | B123: 3 | C123: ОН32_3 | D123: NA | E123: Ilea zostericola | F123: =VLOOKUP(E123,species_list!A$2:B$1194,2,FALSE) -> 1002 | G123: NA | H123: 0.005 | I123: Аристов | J123: Alexeeva_onega25.pdf(3-4)
A124: 32 | B124: 3 | C124: ОН32_3 | D124: NA | E124: Polysiphonia sp. | F124: =VLOOKUP(E124,species_list!A$2:B$1194,2,FALSE) -> 969 | G124: NA | H124: 0.001 | I124: Аристов | J124: Alexeeva_onega25.pdf(3-4)
A125: 32 | B125: 3 | C125: ОН32_3 | D125: NA | E125: Nymphon sp. | F125: =VLOOKUP(E125,species_list!A$2:B$1194,2,FALSE) -> 276 | G125: 1 | H125: 0.009 | I125: Аристов | J125: Alexeeva_onega25.pdf(3-4)
A126: 32 | B126: 3 | C126: ОН32_3 | D126: NA | E126: Spio theeli | F126: =VLOOKUP(E126,species_list!A$2:B$1194,2,FALSE) -> 732 | G126: 39 | H126: 0.017 | I126: Аристов | J126: Alexeeva_onega25.pdf(3-4)
A127: 32 | B127: 3 | C127: ОН32_3 | D127: NA | E127: Eteone longa | F127: =VLOOKUP(E127,species_list!A$2:B$1194,2,FALSE) -> 709 | G127: 7 | H127: 0.009 | I127: Аристов | J127: Alexeeva_onega25.pdf(3-4)
A128: 32 | B128: 3 | C128: ОН32_3 | D128: NA | E128: Capitella capitata | F128: =VLOOKUP(E128,species_list!A$2:B$1194,2,FALSE) -> 642 | G128: 2 | H128: 0.025 | I128: Аристов | J128: Alexeeva_onega25.pdf(3-4)
A129: 32 | B129: 3 | C129: ОН32_3 | D129: NA | E129: Arenicola marina | F129: =VLOOKUP(E129,species_list!A$2:B$1194,2,FALSE) -> 615 | G129: 2 | H129: 0.011 | I129: Аристов | J129: Alexeeva_onega25.pdf(3-4)
A130: 32 | B130: 3 | C130: ОН32_3 | D130: NA | E130: Nephthys minuta | F130: =VLOOKUP(E130,species_list!A$2:B$1194,2,FALSE) -> 784 | G130: 2 | H130: 0.002 | I130: Аристов | J130: Alexeeva_onega25.pdf(3-4)
A131: 32 | B131: 3 | C131: ОН32_3 | D131: NA | E131: Polychaeta | F131: =VLOOKUP(E131,species_list!A$2:B$1194,2,FALSE) -> 819 | G131: 1 | H131: 0.002 | I131: Аристов | J131: Alexeeva_onega25.pdf(3-4)
A132: 32 | B132: 3 | C132: ОН32_3 | D132: NA | E132: Tubificoides benedeni | F132: =VLOOKUP(E132,species_list!A$2:B$1194,2,FALSE) -> 829 | G132: 2 | H132: 0.002 | I132: Аристов | J132: Alexeeva_onega25.pdf(3-4)
A133: 32 | B133: 3 | C133: ОН32_3 | D133: NA | E133: Tubifex costatus | F133: =VLOOKUP(E133,species_list!A$2:B$1194,2,FALSE) -> 828 | G133: 1 | H133: 0.002 | I133: Аристов | J133: Alexeeva_onega25.pdf(3-4)
A134: 32 | B134: 3 | C134: ОН32_3 | D134: NA | E134: Clitellio arenarius | F134: =VLOOKUP(E134,species_list!A$2:B$1194,2,FALSE) -> 826 | G134: 1 | H134: 0.001 | I134: Аристов | J134: Alexeeva_onega25.pdf(3-4)
A135: 32 | B135: 3 | C135: ОН32_3 | D135: NA | E135: Mytilus edulis | F135: =VLOOKUP(E135,species_list!A$2:B$1194,2,FALSE) -> 457 | G135: 56 | H135: 1.228 | I135: Аристов | J135: Alexeeva_onega25.pdf(3-4)
A136: 32 | B136: 3 | C136: ОН32_3 | D136: NA | E136: Hydrobia ulvae | F136: =VLOOKUP(E136,species_list!A$2:B$1194,2,FALSE) -> 375 | G136: 337 | H136: 0.741 | I136: Аристов | J136: Alexeeva_onega25.pdf(3-4)
A137: 32 | B137: 1 | C137: ОН32_1 | D137: NA | E137: Enteromorpha prolifera | F137: =VLOOKUP(E137,species_list!A$2:B$1194,2,FALSE) -> 1000 | G137: NA | H137: 2.916 | I137: Аристов | J137: Alexeeva_onega25.pdf(4-5)
A138: 32 | B138: 1 | C138: ОН32_1 | D138: NA | E138: Crangon crangon | F138: =VLOOKUP(E138,species_list!A$2:B$1194,2,FALSE) -> 250 | G138: 2 | H138: 0.839 | I138: Аристов | J138: Alexeeva_onega25.pdf(4-5)
A139: 32 | B139: 1 | C139: ОН32_1 | D139: NA | E139: Macoma balthica | F139: =VLOOKUP(E139,species_list!A$2:B$1194,2,FALSE) -> 435 | G139: 3 | H139: 4.15 | I139: Аристов | J139: Alexeeva_onega25.pdf(4-5)
A140: 32 | B140: 1 | C140: ОН32_1 | D140: NA | E140: Polysiphonia sp. | F140: =VLOOKUP(E140,species_list!A$2:B$1194,2,FALSE) -> 969 | G140: NA | H140: 0.114 | I140: Аристов | J140: Alexeeva_onega25.pdf(4-5)
A141: 32 | B141: 1 | C141: ОН32_1 | D141: NA | E141: Pyllaiella litoralis | F141: =VLOOKUP(E141,species_list!A$2:B$1194,2,FALSE) -> 985 | G141: NA | H141: 0.001 | I141: Аристов | J141: Alexeeva_onega25.pdf(4-5)
A142: 32 | B142: 1 | C142: ОН32_1 | D142: NA | E142: Dynamena pumila | F142: =VLOOKUP(E142,species_list!A$2:B$1194,2,FALSE) -> 6 | G142: NA | H142: 0.019 | I142: Аристов | J142: Alexeeva_onega25.pdf(4-5)
A143: 32 | B143: 1 | C143: ОН32_1 | D143: NA | E143: Aulactinia stella | F143: =VLOOKUP(E143,species_list!A$2:B$1194,2,FALSE) -> 91 | G143: 1 | H143: 0.039 | I143: Аристов | J143: Alexeeva_onega25.pdf(4-5)
A144: 32 | B144: 1 | C144: ОН32_1 | D144: NA | E144: Gammarus sp. | F144: =VLOOKUP(E144,species_list!A$2:B$1194,2,FALSE) -> 189 | G144: 3 | H144: 0.003 | I144: Аристов | J144: Alexeeva_onega25.pdf(4-5)
A145: 32 | B145: 1 | C145: ОН32_1 | D145: NA | E145: Calliopius laeviusculus | F145: =VLOOKUP(E145,species_list!A$2:B$1194,2,FALSE) -> 157 | G145: 5 | H145: 0.005 | I145: Аристов | J145: Alexeeva_onega25.pdf(4-5)
A146: 32 | B146: 1 | C146: ОН32_1 | D146: NA | E146: Chironomidae | F146: =VLOOKUP(E146,species_list!A$2:B$1194,2,FALSE) -> 281 | G146: 5 | H146: 0.005 | I146: Аристов | J146: Alexeeva_onega25.pdf(4-5)
A147: 32 | B147: 1 | C147: ОН32_1 | D147: NA | E147: Arenicola marina | F147: =VLOOKUP(E147,species_list!A$2:B$1194,2,FALSE) -> 615 | G147: 1 | H147: 0.004 | I147: Аристов | J147: Alexeeva_onega25.pdf(4-5)
A148: 32 | B148: 1 | C148: ОН32_1 | D148: NA | E148: Nephthys minuta | F148: =VLOOKUP(E148,species_list!A$2:B$1194,2,FALSE) -> 784 | G148: 1 | H148: 0.001 | I148: Аристов | J148: Alexeeva_onega25.pdf(4-5)
...

Sheet Hydrobia samples
I4: вводим сюда значения
J5: выборка 1
I6: Nобщ | J6: 3.627 | K6: выборка 2
I7: nP | J7: =0.527+0.007 -> 0.534
I8: nE | J8: 0.025
I11: NPрасс | J11: =SUM(J6:K8)*SUM(J7:K7)/SUM(J7:K8) -> 3.9987907
I12: NEрасс | J12: =SUM(J6:K8)*SUM(J8:K8)/SUM(J7:K8) -> 0.1872093
I13: Ntotal | J13: =ROUND(J11+J12,0) -> 4

Sheet size
A1: station | B1: sample | C1: station_name | D1: taxon_name | E1: size
A2: 8 | B2: 1 | C2: ОН8_1 | D2: Macoma balthica | E2: 10.5
A3: 8 | B3: 1 | C3: ОН8_1 | D3: Macoma balthica | E3: 12.6
A4: 8 | B4: 1 | C4: ОН8_1 | D4: Macoma balthica | E4: 10.4
A5: 8 | B5: 1 | C5: ОН8_1 | D5: Macoma balthica | E5: 13.1
A6: 8 | B6: 1 | C6: ОН8_1 | D6: Macoma balthica | E6: 13
A7: 8 | B7: 1 | C7: ОН8_1 | D7: Macoma balthica | E7: 12.6
A8: 8 | B8: 1 | C8: ОН8_1 | D8: Macoma balthica | E8: 12.6
A9: 8 | B9: 1 | C9: ОН8_1 | D9: Macoma balthica | E9: 12.9
A10: 8 | B10: 1 | C10: ОН8_1 | D10: Macoma balthica | E10: 12.1
A11: 8 | B11: 1 | C11: ОН8_1 | D11: Macoma balthica | E11: 10
A12: 8 | B12: 1 | C12: ОН8_1 | D12: Macoma balthica | E12: 13.3
A13: 8 | B13: 1 | C13: ОН8_1 | D13: Macoma balthica | E13: 11.5
... A288: 17 | B288: 1 | C288: ОН17_1 | D288: Mya arenaria | E288: 19.9

Sheet species_list
A1: taxon_name | B1: species_code | C1: worms | D1: worms_accepted
A2: Abietinaria abietina | B2: 1 | C2: 117870 | D2: 117870
A3: Sertularella sp. | B3: 10 | C3: 117233 | D3: 117233
A4: Cerianthus lloydi | B4: 100 | C4: 101010 | D4: 1674631
A5: Enteromorpha prolifera | B5: 1000 | C5: 145971 | D5: 234476
A6: Halosaccion ramentaceum | B6: 1001 | C6: 157367 | D6: 145770
A7: Ilea zostericola | B7: 1002 | C7: 500911 | D7: 1311362
A8: Chlorophyta | B8: 1003 | C8: 801 | D8: 801
A9: Monostroma grivelli | B9: 1004 | C9: 145940 | D9: 145940
A10: Ruppia maritima | B10: 1005 | C10: 234031 | D10: 234031
A11: Salicornia pojarkovi | B11: 1006 | C11: NA | D11: NA
A12: Tripolium vulgare | B12: 1007 | C12: 1213408 | D12: 1104085
A13: Triglochin maritimum | B13: 1008 | C13: 426006 | D13: 426006
A14: Zostera marina | B14: 1009 | C14: 495077 | D14: 145795
A15: Gersemia fruticosa | B15: 101 | C15: 156101 | D15: 156101
A16: Crangon allmanni | B16: 1010 | C16: 107551 | D16: 107551
A17: Hydrozoa | B17: 1011 | C17: 1337 | D17: 1337
A18: Bryozoa | B18: 1012 | C18: 146142 | D18: 146142
A19: Porifera | B19: 1013 | C19: 558 | D19: 558
A20: Amphipoda | B20: 1014 | C20: 1135 | D20: 1135
A21: Holothuroidea | B21: 1015 | C21: 123083 | D21: 123083
A22: Praxillura sp. | B22: 1016 | C22: 129361 | D22: 129361
A23: Scoloplos acutus | B23: 1017 | C23: 157563 | D23: 607421
... A90: Dorvelleidae | B90: 1081 | C90: 971 | D90: 133133
A91: Colus ebur | B91: 1082 | C91: NA | D91: 133133
A92: Dasychone sp. | B92: 1083 | C92: 155467 | D92: 134282
A93: Cossura sp. | B93: 1084 | C93: 129251 | D93: 132072
A94: Lumbrinereis sp. | B94: 1085 | C94: 203863 | D94: 103828
A95: Thyasira sp. | B95: 1086 | C95: 138552 | D95: 103862
A96: Flustra sp. | B96: 1087 | C96: 110911 | D96: 333162
A97: Scaphander sp. | B97: 1088 | C97: 137871 | D97: 151541
A98: Flabelligera sp. | B98: 1089 | C98: 129291 | D98: 1268
A99: Arrhis phyllonyx | B99: 109 | C99: 102870 | D99: 1271
A100: Portlandia lenticula | B100: 1090 | C100: 156360 | D100: 142516
A101: Brada inhabilis | B101: 1091 | C101: 130097 | D101: 144165
A102: Cylichna scalpta | B102: 1092 | C102: 423301 | D102: 151541
A103: Ampelisca gibba | B103: 1093 | C103: 101898 | D103: 101898
... A233: Andaniella pectinata | B233: 134 | C233: 103085 | D233: 254661
A234: Andaniella effloresans | B234: 135 | C234: NA | D234: NA
A235: Stegocephalidae | B235: 136 | C235: 101408 | D235: 101408
A236: Stegocephaloides christianie | B236: 137 | C236: 103102 | D236: 103102
A237: Stegocephalus inflatus | B237: 138 | C237: 103105 | D237: 103105
A238: Anonyx lilljeborgi | B238: 139 | C238: 102513 | D238: 102513
A239: Sertularia mirabilis | B239: 14 | C239: 117920 | D239: 158172
A240: Anonyx nugax | B240: 140 | C240: 102514 | D240: 102514
A241: Centromedon pumilus | B241: 141 | C241: 102548 | D241: 102548
A242: Lyssianassidae | B242: 142 | C242: 101395 | D242: 101395
A243: Menigrates obtusifrons | B243: 143 | C243: 102620 | D243: 102620
A244: Onisimus edwardsi | B244: 144 | C244: 102643 | D244: 102643
A245: Onisimus plautus | B245: 145 | C245: 102649 | D245: 102649
A246: Onisimus sp. | B246: 146 | C246: 101631 | D246: 101631
... A402: Psichodidae | B402: 287 | C402: 391173 | D402: 391173
A403: Tendipedidae | B403: 288 | C403: NA | D403: NA
A404: Ephemerella notata | B404: 289 | C404: NA | D404: NA
A405: Bougainvillia superciliaris | B405: 29 | C405: 117333 | D405: 117333
A406: Adalaria loveni | B406: 290 | C406: 140628 | D406: 140628
A407: Adalaria proxima | B407: 291 | C407: 140629 | D407: 140629
A408: Onchidoris bilamellata | B408: 292 | C408: 150457 | D408: 150457
A409: Onchidoris muricata | B409: 293 | C409: 140640 | D409: 140640
A410: Onchidoris sp. | B410: 294 | C410: 138288 | D410: 138288
A411: Ancula cristata | B411: 295 | C411: 715906 | D411: 140029
A412: Cadlina laevis | B412: 296 | C412: 139134 | D412: 139134
A413: Palio dubia | B413: 297 | C413: 182807 | D413: 182807
A414: Admete couthouyi | B414: 298 | C414: 146479 | D414: 138969
A415: Curtitoma novajasjemlensis | B415: 299 | C415: 433471 | D415: 433471
A416: Diphasia falax | B416: 3 | C416: 117879 | D416: 117879
... A439: Hydractinia echinata | B439: 32 | C439: 117644 | D439: 117644
A440: Chlamylla stimpsoni | B440: 320 | C440: NA | D440: NA
A441: Chlamylla typica | B441: 321 | C441: 423273 | D441: 1047478
A442: Coryphella gracilis | B442: 322 | C442: 139981 | D442: 139981
A443: Coryphella nobilis | B443: 323 | C443: 139983 | D443: 139983
A444: Coryphella sp. | B444: 324 | C444: 138018 | D444: 138018
A445: Coryphella verrucosa | B445: 325 | C445: 139987 | D445: 139987
A446: Cuthona concinna | B446: 326 | C446: 141618 | D446: 893251
A447: Cuthona hiemalis | B447: 327 | C447: 593429 | D447: 423296
A448: Cuthona marisalbi | B448: 328 | C448: 423297 | D448: 893251
A449: Precuthona chrysanthema | B449: 329 | C449: NA | D449: NA
A450: Hydractinia monocarpa | B450: 33 | C450: 117649 | D450: 117649
A451: Trinchesia viridis | B451: 330 | C451: 423803 | D451: 1036948
A452: Dendronotus dalli | B452: 331 | C452: 156709 | D452: 156709
A453: Dendronotus frondosus | B453: 332 | C453: 139523 | D453: 139523
A454: Dendronotus robustus | B454: 333 | C454: 139525 | D454: 139525
A455: Dendronotus sp. | B455: 334 | C455: 137885 | D455: 137885
A456: Eubranchus exiguus | B456: 335 | C456: 139765 | D456: 139765
A457: Eubranchus odhneri | B457: 336 | C457: 423078 | D457: 423078
A458: Amaura candida | B458: 337 | C458: 225802 | D458: 140895
A459: Menesto truncatula | B459: 338 | C459: 140970 | D459: 140970
A460: Amauropsis islandica | B460: 339 | C460: 140521 | D460: 140521
A461: Halitholus yoldiaearcticae | B461: 34 | C461: 834720 | D461: 834720
... A490: Boreoscala groenlandica | B490: 366 | C490: 423188 | D490: 523706
A491: Cryonella minutum | B491: 367 | C491: NA | D491: NA
A492: Frigidalvania janmayeni | B492: 368 | C492: 141283 | D492: 141283
A493: Mohrensternia interrupta | B493: 369 | C493: 1608761 | D493: 141365
A494: Calicella syringa | B494: 37 | C494: 117402 | D494: 117402
A495: Punctulum minutum | B495: 370 | C495: 423707 | D495: 986822
A496: Punctulum wyvillethomsoni | B496: 371 | C496: 423708 | D496: 423708
A497: Epheria crassior | B497: 372 | C497: 423354 | D497: 140167
A498: Epheria vincta | B498: 373 | C498: 423355 | D498: 140170
A499: Lacuna neritoidea | B499: 374 | C499: 151572 | D499: 140168
A500: Hydrobia ulvae | B500: 375 | C500: 140126 | D500: 151628
...
